{
  "loss": [
    3474.38623046875,
    2016.42529296875,
    836.6788940429688,
    622.81298828125,
    624.5867309570312,
    639.2876586914062,
    667.9209594726562,
    654.088623046875,
    619.7388916015625,
    788.2560424804688,
    720.8414306640625
  ],
  "val_loss": [
    57.972469329833984,
    729.6690673828125,
    2218.619384765625,
    2543.94189453125,
    2608.076904296875,
    2426.702392578125,
    2225.075927734375,
    2338.523681640625,
    2384.00048828125,
    2819.935791015625,
    2910.262939453125
  ],
  "mae": [
    54.06400680541992,
    38.29425811767578,
    23.80860137939453,
    21.008798599243164,
    20.999839782714844,
    21.310897827148438,
    21.654356002807617,
    21.393672943115234,
    21.01860237121582,
    22.99054718017578,
    22.42503547668457
  ],
  "val_mae": [
    5.9150071144104,
    24.64585304260254,
    46.43009567260742,
    50.04616928100586,
    50.644439697265625,
    48.76846694946289,
    46.5639762878418,
    47.952980041503906,
    48.46733856201172,
    50.000675201416016,
    53.035888671875
  ],
  "epochs": 11,
  "final_loss": 720.8414306640625,
  "final_mae": 22.42503547668457,
  "trained_on": "Google Colab with GPU",
  "training_samples": 5000,
  "config": {
    "max_epochs": 50,
    "batch_size": 32,
    "sequence_length": 30
  }
}