{
  "loss": [
    3475.2216796875,
    1978.6077880859375,
    814.7539672851562,
    685.2660522460938,
    642.0866088867188,
    638.86376953125,
    625.5446166992188,
    615.0270385742188,
    648.4502563476562,
    619.8040161132812,
    615.060791015625,
    652.7003784179688
  ],
  "val_loss": [
    33.45335388183594,
    624.3902587890625,
    2155.994873046875,
    2381.39453125,
    2523.015869140625,
    2411.04931640625,
    2425.84326171875,
    2429.333740234375,
    2489.404296875,
    2605.40185546875,
    2728.474853515625,
    2453.38916015625
  ],
  "mae": [
    54.19099426269531,
    37.889808654785156,
    23.57686996459961,
    21.962533950805664,
    21.25577163696289,
    21.2966251373291,
    21.170347213745117,
    21.004480361938477,
    21.358030319213867,
    21.10010528564453,
    21.004539489746094,
    21.498271942138672
  ],
  "val_mae": [
    5.049859523773193,
    24.327802658081055,
    46.063270568847656,
    48.329071044921875,
    49.733219146728516,
    48.63766098022461,
    48.840824127197266,
    48.931312561035156,
    49.434288024902344,
    50.679927825927734,
    51.84188461303711,
    49.05866622924805
  ],
  "epochs": 12,
  "final_loss": 652.7003784179688,
  "final_mae": 21.498271942138672,
  "trained_on": "Google Colab with GPU",
  "training_samples": 5000,
  "config": {
    "max_epochs": 35,
    "batch_size": 32,
    "sequence_length": 30
  }
}