{
  "loss": [
    3624.04638671875,
    2294.673095703125,
    1076.517333984375,
    694.0859985351562,
    634.0411376953125,
    638.3012084960938,
    678.818359375,
    636.401611328125,
    625.8447265625,
    658.1597290039062,
    639.3239135742188
  ],
  "val_loss": [
    40.711219787597656,
    577.0274658203125,
    2207.17138671875,
    2406.9453125,
    2564.04833984375,
    2470.177978515625,
    2484.928466796875,
    2467.015380859375,
    2549.13134765625,
    2415.064208984375,
    2445.96875
  ],
  "mae": [
    55.58317565917969,
    41.38683319091797,
    26.790889739990234,
    22.044334411621094,
    21.222572326660156,
    21.1564884185791,
    21.82756996154785,
    21.232990264892578,
    21.10386848449707,
    21.438724517822266,
    21.345619201660156
  ],
  "val_mae": [
    5.316739559173584,
    20.337902069091797,
    45.612159729003906,
    48.52745056152344,
    50.3249626159668,
    49.32676315307617,
    49.54369354248047,
    49.154720306396484,
    50.17700958251953,
    48.75739669799805,
    49.04129409790039
  ],
  "epochs": 11,
  "final_loss": 639.3239135742188,
  "final_mae": 21.345619201660156
}