{
  "loss": [
    3275.908447265625,
    1797.5584716796875,
    806.491455078125,
    685.865478515625,
    622.47021484375,
    620.6653442382812,
    623.54052734375,
    612.1187744140625,
    590.2222290039062,
    598.0575561523438,
    602.325927734375
  ],
  "val_loss": [
    77.53189086914062,
    866.7905883789062,
    2145.41796875,
    2331.07421875,
    2345.40087890625,
    2409.4248046875,
    2361.418212890625,
    2427.568115234375,
    2395.95556640625,
    2508.512939453125,
    2385.266357421875
  ],
  "mae": [
    52.23468780517578,
    35.75178909301758,
    23.449325561523438,
    21.833568572998047,
    20.99762535095215,
    21.067340850830078,
    21.209110260009766,
    20.916194915771484,
    20.5809326171875,
    20.80687141418457,
    20.72454071044922
  ],
  "val_mae": [
    7.209072589874268,
    26.608972549438477,
    45.559112548828125,
    47.702232360839844,
    47.96041488647461,
    48.54764938354492,
    48.19220733642578,
    48.863250732421875,
    48.55635070800781,
    49.688560485839844,
    48.35947799682617
  ],
  "epochs": 11,
  "final_loss": 602.325927734375,
  "final_mae": 20.72454071044922,
  "trained_on": "Google Colab with GPU",
  "training_samples": 5000
}